{"success":true,"data_info":{"total_records":254,"train_records":203,"test_records":51},"comparison_table":[{"Model":"ARIMA","MAE":2.567159291147724,"RMSE":3.7613722690042604,"MAPE":0.9436657906026557,"R2":0.745295685862632,"Время (сек)":20.177908182144165},{"Model":"LSTM","MAE":8.596968833710621,"RMSE":9.578970300779277,"MAPE":3.1271202720246465,"R2":-0.6518907367088567,"Время (сек)":9.681048154830933},{"Model":"Гибридная","MAE":2.7234131142887943,"RMSE":3.8720109985353304,"MAPE":0.9978461801669537,"R2":0.730091333950723,"Время (сек)":29.863608598709106}],"best_model":"ARIMA","walk_forward":{"origins":16,"rmse_mean":9.972927549929057,"monotonic_rate":0,"diff_vol_ratio_mean":0.23048794941889833,"sign_flip_rate_mean":0.3950892857142857,"origin_step":7,"horizon":30,"lstm_origins":4,"lstm_epochs":6},"realism_metrics":{"future_hybrid":{"monotonic_flag":0,"monotonic_run_max":6,"diff_vol_ratio":0.2613529807409199,"sign_flip_rate":0.5357142857142857},"test_hybrid":{"monotonic_flag":0,"monotonic_run_max":6,"diff_vol_ratio":0.8761968967657758,"sign_flip_rate":0.5510204081632653},"thresholds":{"history_window":60,"diff_eps":1e-8,"near_zero_std":1e-8}}}